-- drop database if exists elementos;
create database if not exists elementos;

use elementos;
-- Create tables


--
-- Estructura de tabla para la tabla `subcribe`
--

CREATE TABLE IF NOT EXISTS `subcribe` (
  `id` bigint(20) unsigned NOT NULL AUTO_INCREMENT,
  `email` varchar(80) COLLATE utf8_unicode_ci NOT NULL,
  `register` timestamp NOT NULL DEFAULT CURRENT_TIMESTAMP,
  `flag` tinyint(1) NOT NULL DEFAULT '1',
  UNIQUE KEY `id` (`id`),
  UNIQUE KEY `email` (`email`)
) ENGINE=InnoDB  DEFAULT CHARSET=utf8;

-- create table users
DROP TABLE IF EXISTS `users`;

CREATE TABLE IF NOT EXISTS `users`
(
  users_id INT NOT NULL AUTO_INCREMENT,
  email VARCHAR(60) NOT NULL,
  username CHAR(16) NOT NULL,
  password CHAR(60) NOT NULL,
  register TIMESTAMP DEFAULT CURRENT_TIMESTAMP,
  modify DATETIME NULL,
  PRIMARY KEY (`users_id`,`email`)
)
ENGINE = InnoDB;
ALTER TABLE `users`
  ADD CONSTRAINT `users_UNIQUE` UNIQUE(`username`),
  ADD CONSTRAINT `email_UNIQUE` UNIQUE(`email`);

-- create table profile
DROP TABLE IF EXISTS `Profile`;

CREATE TABLE IF NOT EXISTS `Profile`
(
  profile_id INT NOT NULL AUTO_INCREMENT,
  email VARCHAR(60) NOT NULL,
  firstname VARCHAR(160) NULL,
  lastname VARCHAR(180) NULL,
  birth DATE NULL,
  modify DATETIME,
  flag BOOLEAN DEFAULT true,
  PRIMARY KEY (`profile_id`,`email`),
  FOREIGN KEY (`email`) REFERENCES `users`(`email`)
)
ENGINE = InnoDB;

ALTER TABLE `Profile`
ADD CONSTRAINT `profile_id_UNIQUE` UNIQUE(`email`);

-- CREATE CATEGORIES OR TAG FOR POSTS
CREATE TABLE IF NOT EXISTS `category`
(
  category_id INT AUTO_INCREMENT,
  category VARCHAR(255),
  PRIMARY KEY(`category_id`)
)
ENGINE = InnoDB;

ALTER TABLE `category`
ADD CONSTRAINT `category_UNIQUE` UNIQUE(`category`);

-- CREATE POSTS
DROP TABLE IF EXISTS `Posts`;

CREATE TABLE IF NOT EXISTS `Posts`
(
  posts_id INT NOT NULL AUTO_INCREMENT PRIMARY KEY,
  title VARCHAR(255),
  content TEXT,
  register TIMESTAMP DEFAULT CURRENT_TIMESTAMP,
  `modify` DATETIME NULL,
  publish DATETIME NOT NULL,
  user_id VARCHAR(60),
  reference TEXT,
  image VARCHAR(255) NULL,
  category VARCHAR(255) NULL,
  FOREIGN KEY (user_id) REFERENCES users(email)
);

alter table Posts
add column flag char(1) default '1' not null,
add column slider char(1) default '0' null;

create table if not exists config
(
  nsliders INT default 3 not null
)
ENGINE = InnoDB;


-- change 13 June 2015
alter table users
add column csrf char(32) null,
add column role char(3) default 'R00' null,
add column active boolean default false,
add column tknmodify char(32) null;

alter table config
add column admin char(3) default 'R99';

alter table Profile
drop column birth,
add column slogan VARCHAR(255) null,
add column photo VARCHAR(255) null,
add column lifer text null,
add column lifef text null;
/*
* change 18 June 2015 ok
*/
alter table Profile
add column sex char(1) NULL;

/*
* Change 22 June 2015 ok
*/
alter table Profile
add column rphoto float Null;
/*
* Change 23 June 2015 ok
*/
alter table users
add column csrfpwd char(32) null;
/*
* Change 24 June 2015 ok
*/
create table menu
(
  menuid int AUTO_INCREMENT,
  menu varchar(200) not null,
  position int,
  flag boolean default true,
  primary key (menuid)
)
ENGINE = InnoDB;

create table detmenu(
  menuid int,
  submenuid int AUTO_INCREMENT,
  submenu varchar(200) not null,
  position int,
  flag boolean default true,
  primary key(submenuid),
  foreign key (menuid) REFERENCES menu(menuid)
)ENGINE = InnoDB;


alter table menu
add column url varchar(255) null;
alter table detmenu
add column url varchar(255) null;

/*
Change 29 June 2015 ok
*/
alter table users
add column publish boolean default false,
add column section varchar(255),
add column comment text;

/*
 Change 30 June 2015 ok
*/
alter table users
add column datepublisher TIMESTAMP NULL default NULL;

CREATE TABLE IF NOT EXISTS Roles(
rolesid char(3) NOT NULL,
description VARCHAR( 45 ) NULL,
register TIMESTAMP DEFAULT NOW(),
flag boolean default true ,
PRIMARY KEY (  `rolesid` )
)
ENGINE = InnoDB;

alter table Posts
add column sgroup int null,
add column section int null;

/* change 3 July 2015 ok */
alter table config
add column editor char(3),
add column moderator char(3),
add column npost int;
/* Change 4 July */
drop table config;
create table config
(
  config int AUTO_INCREMENT,
  nsliders int default 3,
  admin char(3) default 'R01',
  editor char(3) null,
  moderator char(3) null,
  npost int default 10,
  primary key(config)
)ENGINE = InnoDB default charset=utf8;

/* create new table changes 19/01/2016 */
create table Social
(
  id int auto_increment primary key,
  social varchar(255) not null,
  uri text,
  icon varchar(255) null,
  flag boolean default true,
  register timestamp default current_timestamp
);

/* change add column table config */
alter table config
add column sitename varchar(255),
add column flag boolean default true;

alter table Social
add column mobile boolean default true;


/* Change table Posts add column most visited */
alter table Posts
add column visited int default 0 not null;

/* Change table post add column show author*/
alter table Posts
add column anonymous int default 0 not null;

/* add Table restore password */
create table RecoveryPwd
(
  id int auto_increment primary key,
  email varchar(255) not null,
  csrf char(32) not null,
  register timestamp default current_timestamp,
  flag boolean default true
);

-- data init db

INSERT INTO `Roles` (`rolesid`, `description`, `register`, `flag`) VALUES('R01', 'Administrador', '2015-07-05 13:04:53', 1);
INSERT INTO `Roles` (`rolesid`, `description`, `register`, `flag`) VALUES('R02', 'Moderador', '2015-07-05 13:04:53', 1);
INSERT INTO `Roles` (`rolesid`, `description`, `register`, `flag`) VALUES('R03', 'Editor', '2015-07-05 13:05:09', 1);
INSERT INTO `Roles` (`rolesid`, `description`, `register`, `flag`) VALUES('R00', 'Usuario', '2015-07-05 13:04:53', 1);

insert into config(config, nsliders, admin, editor, moderator, npost) values(1,3, 'R01', 'R02', 'R03', 10);
insert into users(email, username, password, role, active) values('cvaldezchavez@gmail.com', 'root', '$2y$10$EUX9wNmNUgJqLkqJuBVZrewnW46X5aimnR1RB2VnlDq4mHq0g2kcK', 'R01', true);

insert into Social(social, uri, icon) values("facebook", "https://facebook.com/elementosperu", "facebook");
insert into Social(social, uri, icon) values("twitter", "https://twitter.com/elementospe", "twitter");
insert into Social(social, uri, icon) values("youtube", "https://youtube.com/elementosperu", "youtube-play");
insert into Social(social, uri, icon) values("tumblr", "https://elementospe.tumblr.com", "tumblr");
insert into Social(social, uri, icon) values("instagram", "https://instagram.com/elementos_pe", "instagram");
insert into Social(social, uri, icon) values("google plus", "https://plus.google.com/+ElementospeOficial/post", "google-plus");

INSERT INTO `menu` (`menuid`, `menu`, `position`, `flag`, `url`) VALUES(1, 'CULTURA', 1, 1, 'cultura');
INSERT INTO `menu` (`menuid`, `menu`, `position`, `flag`, `url`) VALUES(2, 'LETRAS', 2, 1, 'letras');
INSERT INTO `menu` (`menuid`, `menu`, `position`, `flag`, `url`) VALUES(3, 'VIVE', 4, 1, 'vive');
INSERT INTO `menu` (`menuid`, `menu`, `position`, `flag`, `url`) VALUES(5, 'TENDENCIAS', 3, 1, 'tendencias');


INSERT INTO `detmenu` (`menuid`, `submenuid`, `submenu`, `position`, `flag`, `url`) VALUES(1, 1, 'Arte', 1, 1, 'arte');
INSERT INTO `detmenu` (`menuid`, `submenuid`, `submenu`, `position`, `flag`, `url`) VALUES(1, 2, 'Cine', 2, 1, 'cine');
INSERT INTO `detmenu` (`menuid`, `submenuid`, `submenu`, `position`, `flag`, `url`) VALUES(1, 3, 'Fotografia', 3, 1, 'fotografia');
INSERT INTO `detmenu` (`menuid`, `submenuid`, `submenu`, `position`, `flag`, `url`) VALUES(1, 4, 'Libros', 4, 1, 'libros');
INSERT INTO `detmenu` (`menuid`, `submenuid`, `submenu`, `position`, `flag`, `url`) VALUES(1, 5, 'Música', 5, 1, 'musica');
INSERT INTO `detmenu` (`menuid`, `submenuid`, `submenu`, `position`, `flag`, `url`) VALUES(2, 6, 'Filosofia', 1, 1, 'filosofia');
INSERT INTO `detmenu` (`menuid`, `submenuid`, `submenu`, `position`, `flag`, `url`) VALUES(2, 7, 'Lectura', 2, 1, 'lectura');
INSERT INTO `detmenu` (`menuid`, `submenuid`, `submenu`, `position`, `flag`, `url`) VALUES(2, 8, 'Poesía', 3, 1, 'poesia');
INSERT INTO `detmenu` (`menuid`, `submenuid`, `submenu`, `position`, `flag`, `url`) VALUES(3, 9, 'Sexualidad', 4, 1, 'sexualidad');
INSERT INTO `detmenu` (`menuid`, `submenuid`, `submenu`, `position`, `flag`, `url`) VALUES(3, 10, 'Destinos', 2, 1, 'destinos');
INSERT INTO `detmenu` (`menuid`, `submenuid`, `submenu`, `position`, `flag`, `url`) VALUES(3, 11, 'Salud', 3, 1, 'salud');
INSERT INTO `detmenu` (`menuid`, `submenuid`, `submenu`, `position`, `flag`, `url`) VALUES(5, 12, 'Internet', 2, 1, 'internet');
INSERT INTO `detmenu` (`menuid`, `submenuid`, `submenu`, `position`, `flag`, `url`) VALUES(5, 13, 'Tecnología', 3, 1, 'tecnologia');
INSERT INTO `detmenu` (`menuid`, `submenuid`, `submenu`, `position`, `flag`, `url`) VALUES(3, 14, 'Consejos', 1, 1, 'consejos');
INSERT INTO `detmenu` (`menuid`, `submenuid`, `submenu`, `position`, `flag`, `url`) VALUES(5, 15, 'Ciencia', 1, 1, 'ciencia');


INSERT INTO `Posts` (`posts_id`, `title`, `content`, `register`, `modify`, `publish`, `user_id`, `reference`, `image`, `category`, `flag`, `slider`, `sgroup`, `section`, `visited`) VALUES
(1, 'Primer Post', '<h1 id="firstHeading" class="firstHeading" lang="es" style="font-weight: normal; margin: 0px 0px 0.25em; overflow: visible; padding: 0px; border-bottom-width: 1px; border-bottom-style: solid; border-bottom-color: #aaaaaa; font-size: 1.8em; line-height: 1.3; font-family: ''Linux Libertine'', Georgia, Times, serif; background: none;" data-mce-style="font-weight: normal; margin: 0px 0px 0.25em; overflow: visible; padding: 0px; border-bottom-width: 1px; border-bottom-style: solid; border-bottom-color: #aaaaaa; font-size: 1.8em; line-height: 1.3; font-family: ''Linux Libertine'', Georgia, Times, serif; background: none;">Lorem ipsum</h1><div id="bodyContent" class="mw-body-content" style="position: relative; line-height: 1.6; font-size: 0.875em; z-index: 0;" data-mce-style="position: relative; line-height: 1.6; font-size: 0.875em; z-index: 0;"><div id="contentSub" style="font-size: 11.7600002288818px; line-height: 1.2em; margin: 0px 0px 1.4em 1em; color: #545454; width: auto;" data-mce-style="font-size: 11.7600002288818px; line-height: 1.2em; margin: 0px 0px 1.4em 1em; color: #545454; width: auto;">&nbsp;<br></div><div id="jump-to-nav" class="mw-jump" style="overflow: hidden; height: 0px; zoom: 1; -webkit-user-select: none; margin-top: -1.4em; margin-bottom: 1.4em;" data-mce-style="overflow: hidden; height: 0px; zoom: 1; -webkit-user-select: none; margin-top: -1.4em; margin-bottom: 1.4em;">&nbsp;<br></div><div id="mw-content-text" class="mw-content-ltr" dir="ltr" lang="es" style="direction: ltr;" data-mce-style="direction: ltr;"><div class="thumb tright" style="clear: right; float: right; margin: 0.5em 0px 1.3em 1.4em; width: auto; background-color: transparent;" data-mce-style="clear: right; float: right; margin: 0.5em 0px 1.3em 1.4em; width: auto; background-color: transparent;">&nbsp;<br></div><p style="margin: 0.5em 0px; line-height: inherit; text-align: justify;" data-mce-style="margin: 0.5em 0px; line-height: inherit; text-align: justify;"><strong>Lorem ipsum</strong>&nbsp;es el texto que se usa habitualmente en&nbsp;<a style="text-decoration: none; color: #0b0080; background: none;" title="Diseño gráfico" href="http://es.wikipedia.org/wiki/Dise%C3%B1o_gr%C3%A1fico" data-mce-href="http://es.wikipedia.org/wiki/Dise%C3%B1o_gr%C3%A1fico" data-mce-style="text-decoration: none; color: #0b0080; background: none;">diseño gráfico</a>&nbsp;en demostraciones de&nbsp;<a style="text-decoration: none; color: #0b0080; background: none;" title="Tipografía" href="http://es.wikipedia.org/wiki/Tipograf%C3%ADa" data-mce-href="http://es.wikipedia.org/wiki/Tipograf%C3%ADa" data-mce-style="text-decoration: none; color: #0b0080; background: none;">tipografías</a>&nbsp;o de&nbsp;<a class="mw-redirect" style="text-decoration: none; color: #0b0080; background: none;" title="Borrador (boceto)" href="http://es.wikipedia.org/wiki/Borrador_(boceto)" data-mce-href="http://es.wikipedia.org/wiki/Borrador_(boceto)" data-mce-style="text-decoration: none; color: #0b0080; background: none;">borradores</a>&nbsp;de diseño para probar el diseño visual antes de insertar el texto final.</p><p style="margin: 0.5em 0px; line-height: inherit; text-align: justify;" data-mce-style="margin: 0.5em 0px; line-height: inherit; text-align: justify;">Aunque no posee actualmente fuentes para justificar sus hipótesis, el profesor de filología clásica Richard McClintock asegura que su uso se remonta a los impresores de comienzos del siglo XVI.<sup id="cite_ref-1" class="reference" style="line-height: 1em; unicode-bidi: -webkit-isolate;" data-mce-style="line-height: 1em; unicode-bidi: -webkit-isolate;"><a style="text-decoration: none; color: #0b0080; white-space: nowrap; background: none;" href="http://es.wikipedia.org/wiki/Lorem_ipsum#cite_note-1" data-mce-href="http://es.wikipedia.org/wiki/Lorem_ipsum#cite_note-1" data-mce-style="text-decoration: none; color: #0b0080; white-space: nowrap; background: none;">1</a></sup>&nbsp;Su uso en algunos&nbsp;<a style="text-decoration: none; color: #0b0080; background: none;" title="Editor de texto" href="http://es.wikipedia.org/wiki/Editor_de_texto" data-mce-href="http://es.wikipedia.org/wiki/Editor_de_texto" data-mce-style="text-decoration: none; color: #0b0080; background: none;">editores de texto</a>&nbsp;muy conocidos en la actualidad ha dado al texto<em>lorem ipsum</em>&nbsp;nueva popularidad.</p><p style="margin: 0.5em 0px; line-height: inherit; text-align: justify;" data-mce-style="margin: 0.5em 0px; line-height: inherit; text-align: justify;">El texto en sí no tiene sentido, aunque no es completamente aleatorio, sino que deriva de un texto de&nbsp;<a class="mw-redirect" style="text-decoration: none; color: #0b0080; background: none;" title="Cicerón" href="http://es.wikipedia.org/wiki/Cicer%C3%B3n" data-mce-href="http://es.wikipedia.org/wiki/Cicer%C3%B3n" data-mce-style="text-decoration: none; color: #0b0080; background: none;">Cicerón</a>&nbsp;en lengua&nbsp;<a style="text-decoration: none; color: #0b0080; background: none;" title="Latín" href="http://es.wikipedia.org/wiki/Lat%C3%ADn" data-mce-href="http://es.wikipedia.org/wiki/Lat%C3%ADn" data-mce-style="text-decoration: none; color: #0b0080; background: none;">latina</a>, a cuyas palabras se les han eliminado sílabas o letras. El significado del texto no tiene importancia, ya que solo es una demostración o prueba, sino que copia de la obra de&nbsp;<a class="mw-redirect" style="text-decoration: none; color: #0b0080; background: none;" title="Cicerón" href="http://es.wikipedia.org/wiki/Cicer%C3%B3n" data-mce-href="http://es.wikipedia.org/wiki/Cicer%C3%B3n" data-mce-style="text-decoration: none; color: #0b0080; background: none;">Cicerón</a>&nbsp;<em>De finibus bonorum et malorum</em>&nbsp;(<em>Sobre los límites del bien y del mal</em>) que comienza con:</p><blockquote class="citado" style="font-size: 12.6000003814697px; padding: 5px 10px; margin: 1em 4em; background-color: #f9f9f9;" data-mce-style="font-size: 12.6000003814697px; padding: 5px 10px; margin: 1em 4em; background-color: #f9f9f9;"><p style="margin: 0.5em 0px; line-height: inherit;" data-mce-style="margin: 0.5em 0px; line-height: inherit;">Neque porro quisquam est qui do<strong>lorem ipsum</strong>&nbsp;quia&nbsp;<strong>dolor sit amet, consectetur, adipisci</strong>&nbsp;v<strong>elit</strong><sup id="cite_ref-2" class="reference" style="line-height: 1em; unicode-bidi: -webkit-isolate;" data-mce-style="line-height: 1em; unicode-bidi: -webkit-isolate;"><a style="text-decoration: none; color: #0b0080; white-space: nowrap; background: none;" href="http://es.wikipedia.org/wiki/Lorem_ipsum#cite_note-2" data-mce-href="http://es.wikipedia.org/wiki/Lorem_ipsum#cite_note-2" data-mce-style="text-decoration: none; color: #0b0080; white-space: nowrap; background: none;">2<br></a></sup></p></blockquote><p style="margin: 0.5em 0px; line-height: inherit; text-align: justify;" data-mce-style="margin: 0.5em 0px; line-height: inherit; text-align: justify;">A pesar de estar extraído de ese escrito, el texto usado habitualmente es:</p><blockquote class="citado" style="font-size: 12.6000003814697px; padding: 5px 10px; margin: 1em 4em; background-color: #f9f9f9;" data-mce-style="font-size: 12.6000003814697px; padding: 5px 10px; margin: 1em 4em; background-color: #f9f9f9;"><p style="margin: 0.5em 0px; line-height: 20.1599998474121px; color: rgb(37, 37, 37); font-family: sans-serif; font-size: 12.6000003814697px; text-align: justify;" data-mce-style="margin: 0.5em 0px; line-height: 20.1599998474121px; color: #252525; font-family: sans-serif; font-size: 12.6000003814697px; text-align: justify;">Lorem ipsum ad his scripta blandit partiendo, eum fastidii accumsan euripidis in, eum liber hendrerit an. Qui ut wisi vocibus suscipiantur, quo dicit ridens inciderint id. Quo mundi lobortis reformidans eu, legimus senserit definiebas an eos. Eu sit tincidunt incorrupte definitionem, vis mutat affert percipit cu, eirmod consectetuer signiferumque eu per. In usu latine equidem dolores. Quo no falli viris intellegam, ut fugit veritus placerat per.</p><p style="margin: 0.5em 0px; line-height: 20.1599998474121px; color: rgb(37, 37, 37); font-family: sans-serif; font-size: 12.6000003814697px; text-align: justify;" data-mce-style="margin: 0.5em 0px; line-height: 20.1599998474121px; color: #252525; font-family: sans-serif; font-size: 12.6000003814697px; text-align: justify;">Ius id vidit volumus mandamus, vide veritus democritum te nec, ei eos debet libris consulatu. No mei ferri graeco dicunt, ad cum veri accommodare. Sed at malis omnesque delicata, usu et iusto zzril meliore. Dicunt maiorum eloquentiam cum cu, sit summo dolor essent te. Ne quodsi nusquam legendos has, ea dicit voluptua eloquentiam pro, ad sit quas qualisque. Eos vocibus deserunt quaestio ei.</p><p style="margin: 0.5em 0px; line-height: 20.1599998474121px; color: rgb(37, 37, 37); font-family: sans-serif; font-size: 12.6000003814697px; text-align: justify;" data-mce-style="margin: 0.5em 0px; line-height: 20.1599998474121px; color: #252525; font-family: sans-serif; font-size: 12.6000003814697px; text-align: justify;">Blandit incorrupte quaerendum in quo, nibh impedit id vis, vel no nullam semper audiam. Ei populo graeci consulatu mei, has ea stet modus phaedrum. Inani oblique ne has, duo et veritus detraxit. Tota ludus oratio ea mel, offendit persequeris ei vim. Eos dicat oratio partem ut, id cum ignota senserit intellegat. Sit inani ubique graecis ad, quando graecis liberavisse et cum, dicit option eruditi at duo. Homero salutatus suscipiantur eum id, tamquam voluptaria expetendis ad sed, nobis feugiat similique usu ex.</p><p style="margin: 0.5em 0px; line-height: 20.1599998474121px; color: rgb(37, 37, 37); font-family: sans-serif; font-size: 12.6000003814697px; text-align: justify;" data-mce-style="margin: 0.5em 0px; line-height: 20.1599998474121px; color: #252525; font-family: sans-serif; font-size: 12.6000003814697px; text-align: justify;">Eum hinc argumentum te, no sit percipit adversarium, ne qui feugiat persecuti. Odio omnes scripserit ad est, ut vidit lorem maiestatis his, putent mandamus gloriatur ne pro. Oratio iriure rationibus ne his, ad est corrumpit splendide. Ad duo appareat moderatius, ei falli tollit denique eos. Dicant evertitur mei in, ne his deserunt perpetua sententiae, ea sea omnes similique vituperatoribus. Ex mel errem intellegebat comprehensam, vel ad tantas antiopam delicatissimi, tota ferri affert eu nec. Legere expetenda pertinacia ne pro, et pro impetus persius assueverit.</p><p style="margin: 0.5em 0px; line-height: 20.1599998474121px; color: rgb(37, 37, 37); font-family: sans-serif; font-size: 12.6000003814697px; text-align: justify;" data-mce-style="margin: 0.5em 0px; line-height: 20.1599998474121px; color: #252525; font-family: sans-serif; font-size: 12.6000003814697px; text-align: justify;">Ea mei nullam facete, omnis oratio offendit ius cu. Doming takimata repudiandae usu an, mei dicant takimata id, pri eleifend inimicus euripidis at. His vero singulis ea, quem euripidis abhorreant mei ut, et populo iriure vix. Usu ludus affert voluptaria ei, vix ea error definitiones, movet fastidii signiferumque in qui.</p><p style="margin: 0.5em 0px; line-height: 20.1599998474121px; color: rgb(37, 37, 37); font-family: sans-serif; font-size: 12.6000003814697px; text-align: justify;" data-mce-style="margin: 0.5em 0px; line-height: 20.1599998474121px; color: #252525; font-family: sans-serif; font-size: 12.6000003814697px; text-align: justify;">Vis prodesset adolescens adipiscing te, usu mazim perfecto recteque at, assum putant erroribus mea in. Vel facete imperdiet id, cum an libris luptatum perfecto, vel fabellas inciderint ut. Veri facete debitis ea vis, ut eos oratio erroribus. Sint facete perfecto no vel, vim id omnium insolens. Vel dolores perfecto pertinacia ut, te mel meis ullum dicam, eos assum facilis corpora in.</p><p><br></p></blockquote></div></div>', '2015-05-30 18:33:58', NULL, '2015-05-31 03:15:00', 'cvaldezchavez@gmail.com', 'Lorem ipsum   Lorem ipsum es el texto que se usa habitualmente en diseño gráfico en demostraciones de tipografías o de borradores de diseño para probar el diseño visual antes de insertar el texto final.Aunque no posee actualmente fuentes para justificar sus hipótesis, el profesor de filología clásica Richard ', 'public/posts/primer_post2015-05-31 03:15.jpg', '1', '0', '1', NULL, NULL, 0),
(2, 'Segundo post', '<p style="text-align: justify;" data-mce-style="text-align: justify;">kshjshd &nbsp; kjflksdj kdjflks sdof k;ldkf; lsdkfl;s klk &nbsp;sldkf;lsdkflsdkfl;sdkf sld f;sldkf;lsd kf;lsdk f l;sdk f;lsdkf;lskd f;lsdkf; kdfl;sk dfl;sdkff sldfks;lklsdfskd sjkdlff sdkfjls k jkl skdfjslkdf s dl jklsdfskd ksdjfksd jfsd skldjfsdkjfsd jslkj ; df hsdkfh hjks hdsjfhgs &nbsp;jkshfdkjshdsdkjhfjks dksdjh; dfjhsdkfh j hf xljkfhxukdhgxfncv jlkjslkfjcvnmx,cvijhlk &nbsp;mdfn kxjlx k,nvcxl dhf xdfkxjlkjhpqe haj v &nbsp;jfksdjfj &nbsp; j jfka''j kfaja kl &nbsp;dak asdf l kjkl; klj fsjhadfjdf kl sdl jsdf klajdf;lkj &nbsp;a</p>', '2015-05-31 01:17:12', NULL, '2015-05-31 03:10:00', 'cvaldezchavez@gmail.com', 'kshjshd   kjflksdj kdjflks sdof k;ldkf; lsdkfl;s klk  sldkf;lsdkflsdkfl;sdkf sld f;sldkf;lsd kf;lsdk f l;sdk f;lsdkf;lskd f;lsdkf; kdfl;sk dfl;sdkff sldfks;lklsdfskd sjkdlff sdkfjls k jkl skdfjslkdf s dl jklsdfskd ksdjfksd jfsd skldjfsdkjfsd jslkj ; df hsdkfh hjks hdsjfhgs  jkshfdkjshdsdkjhfjks dksdjh; dfjhsdkfh j ', 'public/posts/segundo_post2015-05-31 03:10.png', '1', '0', '1', NULL, NULL, 2),
(3, '3er', '<p>tercera publicación&nbsp;</p>', '2015-05-31 01:24:11', NULL, '2015-05-30 20:20:00', 'cvaldezchavez@gmail.com', 'tercera publicación  ', 'public/posts/3er2015-05-30 20:20.jpg', '2', '0', '1', NULL, NULL, 13),
(4, 'Utopía', '<p><span style="color: #141823; font-family: helvetica, arial, ''lucida grande'', sans-serif; font-size: 13px; line-height: 18px;" data-mce-style="color: #141823; font-family: helvetica, arial, ''lucida grande'', sans-serif; font-size: 13px; line-height: 18px;">Un poema es una entidad vital mucho más orgánica que un ser orgánico en la naturaleza.</span><br style="color: #141823; font-family: helvetica, arial, ''lucida grande'', sans-serif; font-size: 13px; line-height: 18px;" data-mce-style="color: #141823; font-family: helvetica, arial, ''lucida grande'', sans-serif; font-size: 13px; line-height: 18px;"><br style="color: #141823; font-family: helvetica, arial, ''lucida grande'', sans-serif; font-size: 13px; line-height: 18px;" data-mce-style="color: #141823; font-family: helvetica, arial, ''lucida grande'', sans-serif; font-size: 13px; line-height: 18px;"><span style="color: #141823; font-family: helvetica, arial, ''lucida grande'', sans-serif; font-size: 13px; line-height: 18px;" data-mce-style="color: #141823; font-family: helvetica, arial, ''lucida grande'', sans-serif; font-size: 13px; line-height: 18px;">A un animal se le amputa un miembro y sigue viviendo; a un vegetal se le corta una rama o una sección del tallo y sigue viviendo.</span><br style="color: #141823; font-family: helvetica, arial, ''lucida grande'', sans-serif; font-size: 13px; line-height: 18px;" data-mce-style="color: #141823; font-family: helvetica, arial, ''lucida grande'', sans-serif; font-size: 13px; line-height: 18px;"><br style="color: #141823; font-family: helvetica, arial, ''lucida grande'', sans-serif; font-size: 13px; line-height: 18px;" data-mce-style="color: #141823; font-family: helvetica, arial, ''lucida grande'', sans-serif; font-size: 13px; line-height: 18px;"><span style="color: #141823; font-family: helvetica, arial, ''lucida grande'', sans-serif; font-size: 13px; line-height: 18px;" data-mce-style="color: #141823; font-family: helvetica, arial, ''lucida grande'', sans-serif; font-size: 13px; line-height: 18px;">Si a un poema se le amputa un verso, una palabra, una letra, un signo ortográfico, MUERE.&nbsp;</span><br style="color: #141823; font-family: helvetica, arial, ''lucida grande'', sans-serif; font-size: 13px; line-height: 18px;" data-mce-style="color: #141823; font-family: helvetica, arial, ''lucida grande'', sans-serif; font-size: 13px; line-height: 18px;"><span style="color: #141823; font-family: helvetica, arial, ''lucida grande'', sans-serif; font-size: 13px; line-height: 18px;" data-mce-style="color: #141823; font-family: helvetica, arial, ''lucida grande'', sans-serif; font-size: 13px; line-height: 18px;">César Vallejo-&nbsp;</span></p>', '2015-06-08 01:21:13', NULL, '2015-06-07 20:21:00', 'cvaldezchavez@gmail.com', 'Un poema es una entidad vital mucho más orgánica que un ser orgánico en la naturaleza.A un animal se le amputa un miembro y sigue viviendo; a un vegetal se le corta una rama o una sección del tallo y ', 'public/posts/utopía2015-06-07 20:21.png', '1', '0', '1', NULL, NULL, 13),
(5, 'Los diez pueblos mágicos más bellos de México', '<blockquote><p><span style="font-family: verdana, geneva, sans-serif; font-size: 11pt;" data-mce-style="font-family: verdana, geneva, sans-serif; font-size: 11pt;">En México un<strong> Pueblo Mágico</strong> es una localidad que tiene atributos simbólicos, leyendas, historia, hechos trascendentes, cotidianidad, en fin, magia que emanan en cada una de sus manifestaciones socio-culturales, y que significan hoy día una gran oportunidad para el aprovechamiento turistico.&nbsp;</span></p><p><span style="font-family: verdana, geneva, sans-serif; font-size: 11pt;" data-mce-style="font-family: verdana, geneva, sans-serif; font-size: 11pt;">Su magia trasciende las fronteras y son una especie de imán para turistas locales y extranjeros. Puedes encontrarte desde una iglesia colonial a un jardín surrealista, playas vírgenes y espectaculares cimas rodeadas de reservas naturales.</span></p><p><span style="font-family: verdana, geneva, sans-serif; font-size: 11pt;" data-mce-style="font-family: verdana, geneva, sans-serif; font-size: 11pt;">Actualmente México cuenta con 83 pueblos mágicos. Aquí te damos a conocer los diez mas bellos.</span></p></blockquote><p style="text-align: justify;" data-mce-style="text-align: justify;"><span style="font-size: 11pt;" data-mce-style="font-size: 11pt;">&nbsp;</span><br></p><p style="text-align: center;" data-mce-style="text-align: center;">&nbsp;<br></p><blockquote><h2><strong><span style="font-family: verdana, geneva, sans-serif; font-size: 16pt;" data-mce-style="font-family: verdana, geneva, sans-serif; font-size: 16pt;">1. Bacalar, Quintana Roo.</span></strong><br></h2><p><span style="font-size: 11pt;" data-mce-style="font-size: 11pt;">Bacalar o Laguna de los siete colores, es una laguna ubicada en el estado de Quintana Roo y queda muy cerca de Chetumal, la capital de ese estado. La palabra maya Bakhalal significa "cerca o rodeado de carrizos".</span><br></p><p>&nbsp;<img src="http://media-cdn.tripadvisor.com/media/photo-s/02/21/5b/6a/filename-dsc-0612-jpg.jpg" alt="Bacalar, Quintana Roo" width="550" height="365" data-mce-src="http://media-cdn.tripadvisor.com/media/photo-s/02/21/5b/6a/filename-dsc-0612-jpg.jpg"><br></p></blockquote><p><br></p><blockquote><p><strong><span style="font-size: 16pt; font-family: helvetica, arial, sans-serif;" data-mce-style="font-size: 16pt; font-family: helvetica, arial, sans-serif;"><span style="font-family: verdana, geneva, sans-serif;" data-mce-style="font-family: verdana, geneva, sans-serif;">2. San Cristóbal de las Casas, Chiapas.</span>&nbsp;</span></strong></p><p><span style="font-size: 11pt; font-family: verdana, geneva, sans-serif;" data-mce-style="font-size: 11pt; font-family: verdana, geneva, sans-serif;">San Cristóbal de las casas cuenta con una diversidad étnica y tradición colonial, que muestra sus tesoros arquitectónicos en diversas edificaciones de los siglos XVI, XVII y XVIII.&nbsp;</span></p><p><span style="font-size: 11pt; font-family: verdana, geneva, sans-serif;" data-mce-style="font-size: 11pt; font-family: verdana, geneva, sans-serif;">Su edificación siguió en proceso similar al de las otras ciudades coloniales que se crearon en el territorio novohispano.&nbsp;</span></p><p><span style="font-size: 11pt; font-family: verdana, geneva, sans-serif;" data-mce-style="font-size: 11pt; font-family: verdana, geneva, sans-serif;"><img src="http://media-cdn.tripadvisor.com/media/photo-s/07/a7/6c/28/catedral-de-san-cristobal.jpg" alt="Catedral  de San Cristóbal de las Casas" width="550" height="367" data-mce-src="http://media-cdn.tripadvisor.com/media/photo-s/07/a7/6c/28/catedral-de-san-cristobal.jpg"></span></p><p>&nbsp;<br></p><p><strong><span style="font-size: 16pt; font-family: verdana, geneva, sans-serif;" data-mce-style="font-size: 16pt; font-family: verdana, geneva, sans-serif;">3. Mazamitla, Jalisco</span></strong></p><p><span style="font-size: 11pt; font-family: verdana, geneva, sans-serif;" data-mce-style="font-size: 11pt; font-family: verdana, geneva, sans-serif;">Enclavado en el corazón de la Sierra del Tigre, lugar lleno de historia, tradición, magia y ensueño invita a vivir la experiencia más inolvidable en uno de las poblaciones más emblemáticas y tradicionales en el occidente del país.&nbsp;</span></p><p><span style="font-size: 11pt; font-family: verdana, geneva, sans-serif;" data-mce-style="font-size: 11pt; font-family: verdana, geneva, sans-serif;"><img src="http://www.visitmexico.com/work/models/PueblosMagicos30/WebPage/JAL_ntp_Mazamitla/photoEscudo_JAL_ntp_Mazamitla_SMAZAMITLA_Impresindibles_HEADER_950x434.JPG" alt="Mazamitla, Jalisco" width="950" height="434" data-mce-src="http://www.visitmexico.com/work/models/PueblosMagicos30/WebPage/JAL_ntp_Mazamitla/photoEscudo_JAL_ntp_Mazamitla_SMAZAMITLA_Impresindibles_HEADER_950x434.JPG"></span></p><p>&nbsp;<br></p><p><strong><span style="font-size: 16pt; font-family: verdana, geneva, sans-serif;" data-mce-style="font-size: 16pt; font-family: verdana, geneva, sans-serif;">4. Bernal, Querétaro</span></strong></p><p><span style="font-size: 11pt; font-family: verdana, geneva, sans-serif;" data-mce-style="font-size: 11pt; font-family: verdana, geneva, sans-serif;">Peña de Bernal, una formación rocosa de aproximadamente 300 metros de altura. Este monolito enclavado en la Sierra Gorda queretana es considerado el tercer más grande del mundo, después del Peñón de Gibraltar en España y el Pan de Azúcar en Brasil.&nbsp;</span></p><p><span style="font-size: 11pt; font-family: verdana, geneva, sans-serif;" data-mce-style="font-size: 11pt; font-family: verdana, geneva, sans-serif;"><img src="http://mexdesc.impresionesaerea.netdna-cdn.com/images/notas_2011/Bernal-Queretaro.jpg" alt="Bernal, Querétaro" width="630" height="320" data-mce-src="http://mexdesc.impresionesaerea.netdna-cdn.com/images/notas_2011/Bernal-Queretaro.jpg"></span></p><p>&nbsp;<br></p><p><strong><span style="font-size: 16pt; font-family: verdana, geneva, sans-serif;" data-mce-style="font-size: 16pt; font-family: verdana, geneva, sans-serif;">5. Comala, Colima</span></strong></p><p><span style="font-size: 11pt; font-family: verdana, geneva, sans-serif;" data-mce-style="font-size: 11pt; font-family: verdana, geneva, sans-serif;">Comala es conocido como el <em>''''Pueblo Blanco de América''''</em>, y esto se debe a sus tradicionales techos de teja colorada y sus altas fachadas de color blanco que resplandecen y dan brillo a este sitio que guarda una gran mística por tener el nombre que Rulfo escogió como escenario de su conocida novela Pedro Páramo.&nbsp;<em>"Lugar donde hacen comales"&nbsp;</em>es el significado de su nombre y es paso obligado para quienes visitan el Volcán de Fuego o la ciudad de Colima.&nbsp;</span></p><p><span style="font-size: 11pt; font-family: verdana, geneva, sans-serif;" data-mce-style="font-size: 11pt; font-family: verdana, geneva, sans-serif;"><img src="http://www.mexicodesconocido.com.mx/assets/images/destinos/comala/plaza_principal_comala.jpg" alt="Comala, Colima" width="630" height="320" data-mce-src="http://www.mexicodesconocido.com.mx/assets/images/destinos/comala/plaza_principal_comala.jpg"></span></p><p>&nbsp;<br></p><p><strong><span style="font-size: 16pt; font-family: verdana, geneva, sans-serif;" data-mce-style="font-size: 16pt; font-family: verdana, geneva, sans-serif;">6. Milinalco, México</span></strong></p><p><span style="font-size: 11pt; font-family: verdana, geneva, sans-serif;" data-mce-style="font-size: 11pt; font-family: verdana, geneva, sans-serif;">En un hermoso valle de exuberante vegetación al pie de las montañas se ubica Milinalco, Pueblo Mágico ancestral de calles empedradas y casas muticolores. Sus calles están salpicadas de flores que brotan de las paredes de sus casonas coloniales y de pequeños templos de los siglos XI, XVII y XVIII que transportan en un viaje por el pasado de México.</span></p><p><span style="font-size: 16pt; font-family: verdana, geneva, sans-serif;" data-mce-style="font-size: 16pt; font-family: verdana, geneva, sans-serif;"><img src="http://turismo.mexplora.com/wp-content/uploads/2014/09/malinalco-piramide.jpg" alt="Milinalco, México" width="1000" height="500" data-mce-src="http://turismo.mexplora.com/wp-content/uploads/2014/09/malinalco-piramide.jpg"></span></p><p>&nbsp;<br></p><p>&nbsp;<br></p><p><strong><span style="font-family: verdana, geneva, sans-serif; font-size: 16pt;" data-mce-style="font-family: verdana, geneva, sans-serif; font-size: 16pt;">7. Cuatro Ciénegas, Coahuila.</span></strong></p><p><span style="font-size: 11pt;" data-mce-style="font-size: 11pt;"><span style="font-family: verdana, geneva, sans-serif;" data-mce-style="font-family: verdana, geneva, sans-serif;">Esta villa colonial está en medio de unos de los paisajes más espectaculares del país, a unos pasos del Área Natural Protegida de Cuatrociénegas, uno de los oasis más peculiares y hermosos del mundo.&nbsp;</span></span></p><p><span style="font-size: 11pt;" data-mce-style="font-size: 11pt;"><span style="font-family: verdana, geneva, sans-serif;" data-mce-style="font-family: verdana, geneva, sans-serif;"><img src="http://elheraldozac.com.mx/wp-content/uploads/2014/07/cuatro-ci%C3%A9negas-copia-e1406755482116-1195x510.jpg" alt="Cuatrociénegas, Coahuila. " width="844" height="360" data-mce-src="http://elheraldozac.com.mx/wp-content/uploads/2014/07/cuatro-ci%C3%A9negas-copia-e1406755482116-1195x510.jpg"></span></span></p><p>&nbsp;<br></p><p><strong><span style="font-size: 16pt;" data-mce-style="font-size: 16pt;"><span style="font-family: verdana, geneva, sans-serif;" data-mce-style="font-family: verdana, geneva, sans-serif;">8. Dolores Hidalgo, Guanajuato.</span></span></strong></p><p><span style="font-size: 11pt;" data-mce-style="font-size: 11pt;"><span style="font-family: verdana, geneva, sans-serif;" data-mce-style="font-family: verdana, geneva, sans-serif;">En el estado de Guanajuato se yergue una pequeña y bella ciudad colonial que hoy es Patrimonio Histórico y que fue la cuna de la gesta patriótica más emblemática de nuestro país: La Independencia.&nbsp;</span></span></p><p><span style="font-size: 11pt;" data-mce-style="font-size: 11pt;"><span style="font-family: verdana, geneva, sans-serif;" data-mce-style="font-family: verdana, geneva, sans-serif;"><img src="http://www.mexicodesconocido.com.mx/assets/images/destinos/guanajuato/iglesia_guanajuato.jpg" alt="" width="630" height="320" data-mce-src="http://www.mexicodesconocido.com.mx/assets/images/destinos/guanajuato/iglesia_guanajuato.jpg">&nbsp;</span></span></p><p>&nbsp;<br></p><p><span style="font-size: 16pt;" data-mce-style="font-size: 16pt;"><strong><span style="font-family: verdana, geneva, sans-serif;" data-mce-style="font-family: verdana, geneva, sans-serif;">9. Taxco, Guerrero.</span></strong></span></p><p><span style="font-size: 11pt;" data-mce-style="font-size: 11pt;"><span style="font-family: verdana, geneva, sans-serif;" data-mce-style="font-family: verdana, geneva, sans-serif;">Taxco cuenta con los actrativos turísticos necesarios para que las vacaciones sean espectaculares. Cuenta con un Zócalo, su mercado de artesanías, su estilo colonial, sus calles estrechas, empedradas y sin banquetas.&nbsp;</span></span></p><p><span style="font-size: 11pt;" data-mce-style="font-size: 11pt;"><span style="font-family: verdana, geneva, sans-serif;" data-mce-style="font-family: verdana, geneva, sans-serif;">La estatua monumental del Cristo, está en el cerro de Atachi un bello mirador desde donde se puede apreciar la totalidad de la ciudad.</span></span></p><p><span style="font-size: 11pt;" data-mce-style="font-size: 11pt;"><span style="font-family: verdana, geneva, sans-serif;" data-mce-style="font-family: verdana, geneva, sans-serif;"><img src="https://upload.wikimedia.org/wikipedia/commons/6/61/Taxco,_Guerrero,_Mexico_(Night).jpg" alt="" width="856" height="525" data-mce-src="https://upload.wikimedia.org/wikipedia/commons/6/61/Taxco,_Guerrero,_Mexico_(Night).jpg"></span></span></p><p>&nbsp;<br></p><p><strong><span style="font-size: 16pt;" data-mce-style="font-size: 16pt;"><span style="font-family: verdana, geneva, sans-serif;" data-mce-style="font-family: verdana, geneva, sans-serif;">10. Xilitla, San Luis Potosí.</span></span></strong></p><p><span style="font-size: 11pt;" data-mce-style="font-size: 11pt;"><span style="font-family: verdana, geneva, sans-serif;" data-mce-style="font-family: verdana, geneva, sans-serif;">En la Huasteca Potosina, riqueza natural y surrealismo se encuentra en el Jardín de Edward James. Aventura, aroma de café y mucha tradición complementan una jornada inolvidable. Hablar de Xilitla, en San Luis Potosí, pone en la mente palabras como magia, arte, surrealismo y exuberancia.</span></span></p><p><span style="font-size: 11pt;" data-mce-style="font-size: 11pt;"><span style="font-family: verdana, geneva, sans-serif;" data-mce-style="font-family: verdana, geneva, sans-serif;"><img src="http://elvenezolanonews.com/wp-content/uploads/2015/01/xilitla-vabien.jpg" alt="" width="650" height="350" data-mce-src="http://elvenezolanonews.com/wp-content/uploads/2015/01/xilitla-vabien.jpg"></span></span></p></blockquote>', '2015-06-10 06:18:07', '2015-07-10 15:28:18', '2015-06-10 00:00:00', 'cvaldezchavez@gmail.com', 'En México un Pueblo Mágico es una localidad que tiene atributos simbólicos, leyendas, historia, hechos trascendentes, cotidianidad, en fin, magia que emanan en cada una de sus manifestaciones socio-culturales, y que significan hoy día una gran oportunidad para el aprovechamiento ', 'public/posts/los_diez_pueblos_mágicos_más_bellos_de_méxico2015-06-10 00:00.jpg', '3', '1', '1', 3, 10, 786),
INSERT INTO `Posts` (`posts_id`, `title`, `content`, `register`, `modify`, `publish`, `user_id`, `reference`, `image`, `category`, `flag`, `slider`, `sgroup`, `section`, `visited`) VALUES
 (6, 'Instagram', '<p style="text-align: justify;" data-mce-style="text-align: justify;">Since launching video on Instagram back in June, we’ve seen the many creative ways Instagrammers have used video to express themselves. From a&nbsp;<a href="http://blog.instagram.com/post/59681131197/rachelryle" target="_blank">hand-drawn time-lapse artist</a>&nbsp;to a&nbsp;<a href="http://instagram.com/desertfriends" target="_blank">sci-fi TV show</a><a></a>&nbsp;series, this community continues to astound us.</p><p style="text-align: justify;" data-mce-style="text-align: justify;">Lately we’ve seen media broadcasters—both traditional and non-traditional—experimenting with video to share news and information right here on Instagram.</p><p style="text-align: justify;" data-mce-style="text-align: justify;">NowThis News (@<a href="http://instagram.com/nowthisnews" target="_blank">nowthisnews</a>) is among those leading the charge. The NowThisNews crew teamed up with Newark Mayor and U.S. Senate-candidate&nbsp;<a href="http://instagram.com/corybooker" target="_blank">Cory Booker</a>&nbsp;for an Instagram video interview series.</p><p style="text-align: justify;" data-mce-style="text-align: justify;">CNN (@<a href="http://instagram.com/cnn" target="_blank">CNN</a>) recently launched a&nbsp;<a href="http://cnn15s.com/" target="_blank">15-second debates</a>&nbsp;micro-site as part of its German elections coverage. The project asks German political parties to answer reporter questions in 15-seconds or less to be shared on Instagram.</p><p style="text-align: justify;" data-mce-style="text-align: justify;">For #NPRDumplingWeek, NPR (@<a href="http://instagram.com/npr#" target="_blank">NPR</a>) teamed up with chefs to post fun, instructional videos to teach their community how to make&nbsp;<a href="http://instagram.com/p/dmRjNaOIxc/" target="_blank">Shumai</a>,&nbsp;<a href="http://instagram.com/p/djtjtROIx5/" target="_blank">Manti</a>,&nbsp;<a href="http://instagram.com/p/dhMNP7OIxz/" target="_blank">Tortellini</a>, and&nbsp;<a href="http://instagram.com/p/ded7wxOI48/" target="_blank">Potstickers</a>.</p><p style="text-align: justify;" data-mce-style="text-align: justify;">CBS This Morning&nbsp;(@<a href="http://instagram.com/cbsthismorning" target="_blank">CBSthismorning</a>) has been using time-lapse to experiment with delivering followers 15-second newscasts, including this one documenting efforts to&nbsp;<a href="http://instagram.com/p/eXbFFjQe5R/" target="_blank">salvage a massive cruise ship</a><a></a>.</p><p style="text-align: justify;" data-mce-style="text-align: justify;">We’re always excited to see new ways Instagrammers are using video and we’re excited to see what comes next.</p>', '2015-06-10 06:32:52', NULL, '2015-06-10 01:32:00', 'cvaldezchavez@gmail.com', 'Since launching video on Instagram back in June, we’ve seen the many creative ways Instagrammers have used video to express themselves. From a hand-drawn time-lapse artist to a sci-fi TV show series, this community continues to astound us.Lately we’ve seen media broadcasters—both traditional and ', 'public/posts/instagram2015-06-10 01:32.png', '2', '0', '0', NULL, NULL, 0),
INSERT INTO `Posts` (`posts_id`, `title`, `content`, `register`, `modify`, `publish`, `user_id`, `reference`, `image`, `category`, `flag`, `slider`, `sgroup`, `section`, `visited`) VALUES
(7, 'Principales novedades de Android M y las diferencias con Android Lollipop', '<p><a href="http://www.droidperu.com/search/label/GOOGLE" target="_blank" data-mce-href="http://www.droidperu.com/search/label/GOOGLE">Google</a>&nbsp;anunció hace unos días entre otras novedades&nbsp;<a href="http://www.droidperu.com/search/label/ANDROID" target="_blank" data-mce-href="http://www.droidperu.com/search/label/ANDROID">Android M</a>&nbsp;de forma&nbsp;<span id="IL_AD4">oficial</span>, aunque por el momento es una preview y está disponible sólo para algunos&nbsp;<span id="IL_AD2">modelos</span>&nbsp;de la gama<a href="http://www.droidperu.com/search/label/NEXUS" target="_blank" data-mce-href="http://www.droidperu.com/search/label/NEXUS">Nexus</a>, la nueva versión del sistema operativo incluye algunos cambios que mejora en algo la experiencia de usuario en&nbsp;<span id="IL_AD8">comparación</span>&nbsp;a lo que ofrecía&nbsp;<a href="http://www.droidperu.com/search/label/LOLLIPOP" target="_blank" data-mce-href="http://www.droidperu.com/search/label/LOLLIPOP">Lollipop</a>&nbsp;en su lanzamiento.<br><br></p><center><img title="ANDROID M VS ANDROID LOLLIPOP" src="http://2.bp.blogspot.com/-4SNgS_KYLcM/VXNsriQo-gI/AAAAAAAAU5g/6b0GPzVbwGI/s800/android-m.jpg" alt="ANDROID M VS ANDROID LOLLIPOP" border="0" data-mce-src="http://2.bp.blogspot.com/-4SNgS_KYLcM/VXNsriQo-gI/AAAAAAAAU5g/6b0GPzVbwGI/s800/android-m.jpg"></center><p><br>A continuación una&nbsp;comparación&nbsp;en&nbsp;<span id="IL_AD3">video</span>&nbsp;entre el recientemente presentado&nbsp;Android&nbsp;M&nbsp;yAndroid&nbsp;Lollipop&nbsp;donde se mencionan las nuevas funciones y&nbsp;<span id="IL_AD7">características</span>&nbsp;como son un nuevo diseño de la pantalla de bloqueo y cajón de&nbsp;<a href="http://www.droidperu.com/search/label/APLICACIONES" target="_blank" data-mce-href="http://www.droidperu.com/search/label/APLICACIONES">aplicaciones</a>, los ajustes rápidos que ahora permiten ser ordenados o eliminar íconos, un tema oscuro incluido nuevamente, el administrador de permisos, soporte&nbsp;oficial&nbsp;para memorias USB y huellas dactilares entre otras más.</p>', '2015-06-16 22:43:18', '2015-06-16 17:44:36', '2015-06-16 17:43:00', 'cvaldezchavez@gmail.com', 'Google anunció hace unos días entre otras novedades Android M de forma oficial, aunque por el momento es una preview y está disponible sólo para algunos modelos de la gamaNexus, la nueva versión del sistema operativo incluye algunos cambios que mejora en algo la experiencia de ', 'public/posts/principales_novedades_de_android_m_y_las_diferencias_con_android_lollipop2015-06-16 17:43.png', '3', '0', '0', NULL, NULL, 2),
INSERT INTO `Posts` (`posts_id`, `title`, `content`, `register`, `modify`, `publish`, `user_id`, `reference`, `image`, `category`, `flag`, `slider`, `sgroup`, `section`, `visited`) VALUES
(8, '50 shades', '<p style="box-sizing: border-box; font-size: 14px; line-height: 18.2000007629395px; margin: 0px 0px 20px; color: #4d4d4d; font-family: arial;" data-mce-style="box-sizing: border-box; font-size: 14px; line-height: 18.2000007629395px; margin: 0px 0px 20px; color: #4d4d4d; font-family: arial;">"Grey", cuarta parte de la serie "<strong style="box-sizing: border-box;" data-mce-style="box-sizing: border-box;"><a style="box-sizing: border-box; color: #4d4d4d;" href="http://elcomercio.pe/noticias/50-sombras-grey-404105?ref=nota_luces&amp;ft=contenido" data-mce-href="http://elcomercio.pe/noticias/50-sombras-grey-404105?ref=nota_luces&amp;ft=contenido" data-mce-style="box-sizing: border-box; color: #4d4d4d;">50 sombras de Grey</a></strong>", estará a la venta desde el 16 de julio en el Perú. Así lo anunció Penguin Random House Grupo Editorial.</p><p style="box-sizing: border-box; font-size: 14px; line-height: 18.2000007629395px; margin: 0px 0px 20px; color: #4d4d4d; font-family: arial;" data-mce-style="box-sizing: border-box; font-size: 14px; line-height: 18.2000007629395px; margin: 0px 0px 20px; color: #4d4d4d; font-family: arial;">De esta forma, la novela&nbsp;que cuenta la&nbsp;historia de amor entre Anastasia Steele y&nbsp;<strong style="box-sizing: border-box;" data-mce-style="box-sizing: border-box;">Christian Grey&nbsp;</strong><span style="box-sizing: border-box;" data-mce-style="box-sizing: border-box;">desde la perspectiva de su protagonista masculino</span>, tendrá su versión en español tan solo unas semanas después de que sea publicada en inglés, este 18 de junio.</p><p style="box-sizing: border-box; font-size: 14px; line-height: 18.2000007629395px; margin: 0px 0px 20px; color: #4d4d4d; font-family: arial;" data-mce-style="box-sizing: border-box; font-size: 14px; line-height: 18.2000007629395px; margin: 0px 0px 20px; color: #4d4d4d; font-family: arial;">"Grey" tendrá una tirada inicial en español de 500 mil ejemplares. Desde hoy,&nbsp;los lectores pueden encargar sus ejemplares en las librerías y en las diferentes plataformas digitales.&nbsp;<br style="box-sizing: border-box;" data-mce-style="box-sizing: border-box;">&nbsp;<br style="box-sizing: border-box;" data-mce-style="box-sizing: border-box;">La exitosa trilogía,&nbsp;formada por las novelas "Cincuenta sombras de Grey", "Cincuenta sombras más oscuras" y "Cincuenta sombras liberadas", vendió más de&nbsp;125 millones de ejemplares en todo el mundo y cerca de 7 millones de ejemplares en España y<strong style="box-sizing: border-box;" data-mce-style="box-sizing: border-box;">Latinoamérica</strong>, en papel y en formato digital.&nbsp;</p>', '2015-06-17 06:28:25', '2015-06-22 10:17:42', '2015-06-17 01:28:00', 'cvaldezchavez@gmail.com', '"Grey", cuarta parte de la serie "50 sombras de Grey", estará a la venta desde el 16 de julio en el Perú. Así lo anunció Penguin Random House Grupo Editorial.De esta forma, la novela que cuenta la historia de amor entre Anastasia ', 'public/posts/50_shades15-06-17 01:28:25.jpg', '7', '0', '0', NULL, NULL, 0),
INSERT INTO `Posts` (`posts_id`, `title`, `content`, `register`, `modify`, `publish`, `user_id`, `reference`, `image`, `category`, `flag`, `slider`, `sgroup`, `section`, `visited`) VALUES
(9, 'ff', '<p>f</p><p>f</p><p>f</p><p>f</p><p>f</p><p>f</p><p>f</p><p>f</p><p>f</p>', '2015-06-17 15:26:40', NULL, '2015-06-17 10:26:40', 'cvaldezchavez@gmail.com', 'fffffffff ', NULL, '3', '0', '0', NUcvaldezchavez0, '¡Qué difícil se nos hace vivir a veces..!', '<p><span style="color: #37404e; font-family: Helvetica, Arial, ''lucida grande'', tahoma, verdana, arial, sans-serif; font-size: 14px; line-height: 20px;" data-mce-style="color: #37404e; font-family: Helvetica, Arial, ''lucida grande'', tahoma, verdana, arial, sans-serif; font-size: 14px; line-height: 20px;">¡Qué difícil se nos hace vivir a veces..!</span><br style="color: #37404e; font-family: Helvetica, Arial, ''lucida grande'', tahoma, verdana, arial, sans-serif; font-size: 14px; line-height: 20px;" data-mce-style="color: #37404e; font-family: Helvetica, Arial, ''lucida grande'', tahoma, verdana, arial, sans-serif; font-size: 14px; line-height: 20px;"><br style="color: #37404e; font-family: Helvetica, Arial, ''lucida grande'', tahoma, verdana, arial, sans-serif; font-size: 14px; line-height: 20px;" data-mce-style="color: #37404e; font-family: Helvetica, Arial, ''lucida grande'', tahoma, verdana, arial, sans-serif; font-size: 14px; line-height: 20px;"><span style="color: #37404e; font-family: Helvetica, Arial, ''lucida grande'', tahoma, verdana, arial, sans-serif; font-size: 14px; line-height: 20px;" data-mce-style="color: #37404e; font-family: Helvetica, Arial, ''lucida grande'', tahoma, verdana, arial, sans-serif; font-size: 14px; line-height: 20px;">La vida es tan extraña a veces. Algunas personas se la pasan hablando de los demás, de lo que hacen o deshacen, en lugar de dedicarse a sus propias vidas y saberse imperfectos; al punto tal, de cometer las mismas faltas que criticaron en los otros, y hasta peores; aunque tampoco podemos determinar a ciencia cierta lo que es peor.</span><br style="color: #37404e; font-family: Helvetica, Arial, ''lucida grande'', tahoma, verdana, arial, sans-serif; font-size: 14px; line-height: 20px;" data-mce-style="color: #37404e; font-family: Helvetica, Arial, ''lucida grande'', tahoma, verdana, arial, sans-serif; font-size: 14px; line-height: 20px;"><br style="color: #37404e; font-family: Helvetica, Arial, ''lucida grande'', tahoma, verdana, arial, sans-serif; font-size: 14px; line-height: 20px;" data-mce-style="color: #37404e; font-family: Helvetica, Arial, ''lucida grande'', tahoma, verdana, arial, sans-serif; font-size: 14px; line-height: 20px;"><span style="color: #37404e; font-family: Helvetica, Arial, ''lucida grande'', tahoma, verdana, arial, sans-serif; font-size: 14px; line-height: 20px;" data-mce-style="color: #37404e; font-family: Helvetica, Arial, ''lucida grande'', tahoma, verdana, arial, sans-serif; font-size: 14px; line-height: 20px;">A veces pienso que aquél</span><span style="color: #37404e; font-family: Helvetica, Arial, ''lucida grande'', tahoma, verdana, arial, sans-serif; font-size: 14px; line-height: 20px;" data-mce-style="color: #37404e; font-family: Helvetica, Arial, ''lucida grande'', tahoma, verdana, arial, sans-serif; font-size: 14px; line-height: 20px;">los que viven juzgando a los demás, es porque se ven reflejados en su propio espejo y quieren aparentar ante ellos mismos lo que no son. No debemos nunca decir: “De esa agua no beberé”; te aseguro que antes de que lo pienses siquiera, la vida te enterrará la puñalada más dolorosa que ser humano alguno pueda soportar, y habrás bebido manantiales de esa agua, peor aún, la beberás con el fango que le echaste en un momento dado.<br><br>Somos humanos… y todo lo que nos rodea, todo lo que vivimos, todas nuestras experiencias nos van haciendo ser lo que somos. El pecado – esto es otro tema – siempre está ahí, atormentándonos; somos seres libres de elegir lo que queremos hacer, decidimos hasta qué punto somos capaces de aceptar o rechazar, pero hay algo muy importante que nos hará tomar esta decisión de aceptar o rechazar, y eso se llama “El momento y la situación por la que estemos pasando”; como dicen por ahí “Nadie sabe lo que hay en la olla sino el que la menea”.<br><br>Vivimos la vida pensando en el que dirán, pero es porque nosotros mismos hablamos de los demás; si no fuera así, no nos preocuparíamos. Por mi parte, intento nunca juzgar, porque sé que en su momento, aquello que pueda criticar, puede llegar a mi vida por “arte de magia”, tal vez no como una situación común, pero sí como algo que sale de la nada… para callar mis pensamientos, mis impulsos y sobre todo, para enseñarme a no criticar a los demás.<br><br>No debemos decir nunca: “Yo sería incapaz de hacer…” porque ”TODOS”, somos capaces de hacer ”TODO”; de lo bueno, y de lo que llamamos malo… pero quién puede decir qué es bueno o qué es malo. Nacimos en diferentes culturas y lo que para mi cultura es malo, tal vez para la tuya es bueno. Y dentro de la misma cultura hay variantes. A mi entender, está en el corazón saber lo que puede ser bueno o malo para ti. El principio básico de la vida es ”no hacer daño”, pero cómo no hacer daño a los demás sin causarnos daño a nosotros mismos. ¡Esa bendita lucha interna que llevamos todos por las situaciones que nos presentan a diario!&nbsp;<br><br>Vive tu vida intentando ser feliz, sin pensar en lo que algún día podrías o no hacer. La vida misma se encargará de que hagas o deshagas lo que ella quiere que tu vivas.<br><br>¡Qué difícil se nos hace vivir a veces..!<br>Que lo pario.</span></p>', '2015-06-18 21:18:30', '2015-07-10 15:04:12', '2015-06-18 16:18:00', 'luisvalencia2791@gmail.com', '¡Qué difícil se nos hace vivir a veces..!La vida es tan extraña a veces. Algunas personas se la pasan hablando de los demás, de lo que hacen o deshacen, en lugar de dedicarse a sus propias vidas y saberse imperfectos; ', 'public/posts/¡qué_difícil_se_nos_hace_vivir_a_veces..!2015-06-18 16:18.jpg', '1', '1', '1', 2, 6, 1283),
INSERT INTO `Posts` (`posts_id`, `title`, `content`, `register`, `modify`, `publish`, `user_id`, `reference`, `image`, `category`, `flag`, `slider`, `sgroup`, `section`, `visited`) VALUES
(11, 'El secreto de sus ojos', '<p class="MsoNormal">Tengo que confesar que no soy muy clásico cuando de cine se trata, es decir, los clásicos de la historia del cine no los he visto, sino hasta que haya escuchado que esa película es ¡Genial! (así con mayúsculas)</p><p class="MsoNormal">Hace unos días escuché en un artículo de televisión (aunque no soy muy fanático de ella) un reportaje, ya algo desfasado, de la película El secreto de sus ojos. Me llamó la atención porque ganó el Oscar como mejor película de habla no inglesa y compitió con la otra Genial película (con mayúsculas también) La teta asustada, película de mi tierra: Perú.</p><p class="MsoNormal">Terminó el reportaje y me apresuré a la computadora y “googleé” el nombre de la película: un poco más de dos horas (¡Wow!). Aunque para películas independientes dos horas es un tiempo prudente, igual me pareció interesante y la vi.</p><p class="MsoNormal">La película fue dirigida por el director argentino Juan José Campanella, siendo su última genialidad El hijo de la novia, nominada al Oscar en el 2001. Con estos antecedentes la película debía, por lo menos, hacer que termine de verla.</p><p class="MsoNormal">Un poco más de dos horas después, todavía no me creía lo genial de la historia. Ricardo Darín con un Genial Espósito y Soledad Villamil con una indomable Irene que me enamoró hasta el final.</p><p class="MsoNormal">No pudo haber una pareja mejor, que se compenetre con la historia y con el que la ve a tal manera de que uno no puede levantarse del asiento sin terminarla. Y el señor Guillermo Francella, espectacular este tipo, con una interpretación que hasta parece que el papel haya sido hecho para él.</p><p>&nbsp;<br></p><p class="MsoNormal" style="text-align: justify;" data-mce-style="text-align: justify;">El Secreto de sus ojos lo tiene todo. Hay amor, hay intriga, nada quedó suelto y con la chispa de humor que solo los argentinos saben ponerle. Todavía no sé cómo le hicieron para grabar aquella genial escena en el estadio Presidente Perón del histórico Racing Club de Avellaneda. En resumen fue genial, dos horas de mi vida bien invertidas. Recomiendo la película porque ya es un clásico y uno siempre tiene la obligación de ver los clásicos que por algo están en lo más alto. Esto es cine en nuestro idioma señores.</p>', '2015-06-20 17:38:54', '2015-07-10 15:04:32', '2015-06-20 12:38:00', 'luisvalencia2791@gmail.com', 'Tengo que confesar que no soy muy clásico cuando de cine se trata, es decir, los clásicos de la historia del cine no los he visto, sino hasta que haya escuchado que esa película es ¡Genial! (así con mayúsculas)Hace unos ', 'public/posts/el_secreto_de_sus_ojos15-06-20 12:38:54.jpg', '5', '1', '1', 1, 2, 325);
INSERT INTO `Posts` (`posts_id`, `title`, `content`, `register`, `modify`, `publish`, `user_id`, `reference`, `image`, `category`, `flag`, `slider`, `sgroup`, `section`, `visited`) VALUES
INSERT INTO `Posts` (`posts_id`, `title`, `content`, `register`, `modify`, `publish`, `user_id`, `reference`, `image`, `category`, `flag`, `slider`, `sgroup`, `section`, `visited`) VALUES
(12, 'El hombre racional y el hombre intuitivo según Nietzsche', '<p><span style="color: #37404e; font-family: Helvetica, Arial, ''lucida grande'', tahoma, verdana, arial, sans-serif; font-size: 14px; line-height: 20px;" data-mce-style="color: #37404e; font-family: Helvetica, Arial, ''lucida grande'', tahoma, verdana, arial, sans-serif; font-size: 14px; line-height: 20px;">Hay períodos en los que el hombre racional y el hombre intuitivo caminan juntos; el uno angustiado ante la intuición, el otro mofándose de la abstracción ; es tan irracional el último como poco artístico el primero. Ambos ansían dominar la vida: éste sabiendo afrontar las necesidades más imperiosas mediante previsión , prudencia y regularidad ; aquél sin ver, como &lt;héroe desbordant</span><span style="color: #37404e; font-family: Helvetica, Arial, ''lucida grande'', tahoma, verdana, arial, sans-serif; font-size: 14px; line-height: 20px;" data-mce-style="color: #37404e; font-family: Helvetica, Arial, ''lucida grande'', tahoma, verdana, arial, sans-serif; font-size: 14px; line-height: 20px;">e de alegría&gt; , esas necesidades y tomando como real solamente la vida disfrazada de apariencia y belleza. Allí donde el hombre intuitivo , como en la Grecia antigua, maneja sus armas de manera más potente y victoriosa que su adversario , puede, si las circunstancias son favorables , configurar una cultura y establecer el dominio del arte sobre la vida; ese fingir , ese rechazo de la indigencia, ese brillo de las intuiciones metafóricas y , en suma , esa inmediatez del engaño acompañan todas las manifestaciones de una vida de esa especie. Ni la casa , ni el paso, ni la indumentaria , ni la tinaja de barro descubren que ha sido la necesidad la que los ha concebido : parece como si en todos ellos hubiera que expresarse una felicidad sublime y una serenidad olímpica y , en cierto modo , un juego con la seriedad.<br><br>Nietzsche distingue entre el hombre racional y el hombre intuitivo ambos quieren dominar la vida pero de diferente manera:&nbsp;<br><br>1) EL hombre racional se define por su precisión , la prudencia, la regularidad, todo ello es fruto de esa manera de usar repetidamente y constantemente los conceptos o ideas para reforzar esta norma regular y universal de la naturaleza, este mundo ordenado del cosmos ( regularidad que no es real) para poder conocerla y dominar.&nbsp;<br><br>Un ejemplo de esto es lo siguiente :¿cómo hacemos para construir el mundo? Pues afirmando lo que podría decir Nietzsche : "Todo lo que ignoro lo aprendí en filosofía" . ¿Ha que viene eso ? Pues que el saber hoy en día se ha vuelto aplicado a ... incluso las propias matemáticas ya no son teorías puras como la filosofía sino aplicadas ... El lenguaje no es unívoco sino que lo interpretamos nosotros a nuestra manera por eso una misma palabra no designa una misma cosa entre ambos hay una distancia que se llama interpretación del sujeto que ve el mundo a través de su mirada como alumno, como lector de libros de Nietzsche, como apasionado a la filosofía, como amante de la música, como desinteresado por la vida y no por el mundo. Explicar el mundo por paradigmas o modelos hoy no existe como posibilidad aunque la ciencia nos lo haga creer porque la realidad política y social lo desmiente . ¿Quién iba a pensar que el capitalismo económico podría entrar en crisis ? La gente necesita tener esperanza o creer en algo ( relatos que le permitan sobrevivir). Pero sin información adecuada no vamos a ningún sitio ..La teoría de Fermat un matemático del siglo XVIII hablaba sobre los numero primos diciendo que su sucesión tiende al infinito.. Ese enigma que no se resolvió hasta 1991 por Whales demostró que era una teoría que no servía para nada sino que era conocimiento puro...<br><br>b) el hombre intuitivo es un niño que juega con las intuiciones y los conceptos modelándolos con voluntad de crear metáforas nuevas y personales. Por eso le es un placer crear y vivir con mayor intensidad los sentimientos , tanto de placer y goce como de dolor y sufrimiento. Por eso domina la vida porque la vive y la siente de una manera intensa , mucho más que el hombre previsor y racional que ha rechazado lo espontaneo y fresco para convertir su mundo en un lugar de etiquetas, conceptos, rígidos y fríos... El hombre racional es el estoico que se niega sus sentimientos y emociones aceptando de forma resignada las desgracias que le vienen dadas y sin encontrar ni la fuerza de la voluntad necesaria ni la lucha para ir contra esto...muy diferente al hombre intuitivo que padece, sufre y lucha por sobrevivir y nunca finge lo que verdaderamente le pasa y lo que siente,</span></p>', '2015-06-20 17:46:39', '2015-07-10 15:19:21', '2015-06-20 12:46:00', 'luisvalencia2791@gmail.com', 'Hay períodos en los que el hombre racional y el hombre intuitivo caminan juntos; el uno angustiado ante la intuición, el otro mofándose de la abstracción ; es tan irracional el último como poco artístico el primero. Ambos ansían dominar ', 'public/posts/el_hombre_racional_y_el_hombre_intuitivo_según_nietzsche15-06-20 12:46:39.jpg', '2', '1', '1', 2, 6, 1569),